{
  "version": "1.0",
  "defaultProvider": "cdnjs",
  "libraries": [
    {
      "library": "jquery@3.7.1",
      "destination": "wwwroot/jquery/",
      "files": [
        "jquery.min.js"
      ]
    },
    {
      "library": "jquery-validate@1.19.5",
      "destination": "wwwroot/jquery-validate/",
      "files": [
        "jquery.validate.min.js"
      ]
    },
    {
      "library": "jquery-validation-unobtrusive@4.0.0",
      "destination": "wwwroot/jquery-validation-unobtrusive/",
      "files": [
        "jquery.validate.unobtrusive.min.js"
      ]
    }
  ]
}